model,model_label,sampler,condition,elpd_loo,se,p_loo
MA_nonessential,MA $\alpha$,Pathfinder,WT,56.26827925796361,3.7793486729011425,4.424798479416054
MA_nonessential_phos,MA $\beta$,Pathfinder,WT,50.44050839455043,4.527960337345171,2.8964770743212327
MM_nonessential_phos,MM $\beta$,Pathfinder,WT,62.880569393416884,2.352068590272111,5.306244332809278
MA_nonessential,MA $\alpha$,Pathfinder,LKB1_KO,58.40629588593762,5.9421763729139245,5.0937967645239155
MA_nonessential_phos,MA $\beta$,Pathfinder,LKB1_KO,52.5816998858678,6.6899722900394565,4.502206895561095
MM_nonessential_phos,MM $\beta$,Pathfinder,LKB1_KO,23.79835720449258,8.698970627968675,27.581562630944337
